timestamp,request_ip,host
2023-12-04T00:00:00+00:00,10.0.0.4,api.render.com
2023-12-04T00:00:00+00:00,10.0.0.6,api.render.com
2023-12-04T00:00:00+00:00,10.0.0.5,ferrucc.io
2023-12-04T00:00:01+00:00,10.0.0.11,api.render.com
2023-12-04T00:00:01+00:00,10.0.0.5,l.messenger.com
2023-12-04T00:00:02+00:00,10.0.0.7,api.render.com
2023-12-04T00:00:02+00:00,10.0.0.11,l.messenger.com
2023-12-04T00:00:02+00:00,10.0.0.4,api.render.com
2023-12-04T00:00:02+00:00,10.0.0.6,l.messenger.com
2023-12-04T00:00:03+00:00,10.0.0.4,course.fast.ai